<AVRPART>	
	<FUSE>
		<LIST>[LOW:HIGH:EXTENDED]</LIST>
		<ID/>
		<ICON/>
		<TEXT/>
		<LOW>
			<NMB_FUSE_BITS>8</NMB_FUSE_BITS>
			<FUSE7>
				<NAME>BODLEVEL</NAME>
				<TEXT>Brown out detector trigger level</TEXT>
				<DEFAULT>1</DEFAULT>
			</FUSE7>
			<FUSE6>
				<NAME>BODEN</NAME>
				<TEXT>Brown out detector enable</TEXT>
				<DEFAULT>1</DEFAULT>
			</FUSE6>
			<FUSE5>
				<NAME>SUT1</NAME>
				<TEXT>Select start-up time</TEXT>
				<DEFAULT>0</DEFAULT>
			</FUSE5>
			<FUSE4>
				<NAME>SUT0</NAME>
				<TEXT>Select start-up time</TEXT>
				<DEFAULT>0</DEFAULT>
			</FUSE4>
			<FUSE3>
				<NAME>CKSEL3</NAME>
				<TEXT>Select Clock Source</TEXT>
				<DEFAULT>0</DEFAULT>
			</FUSE3>
			<FUSE2>
				<NAME>CKSEL2</NAME>
				<TEXT>Select Clock Source</TEXT>
				<DEFAULT>0</DEFAULT>
			</FUSE2>
			<FUSE1>
				<NAME>CKSEL1</NAME>
				<TEXT>Select Clock Source</TEXT>
				<DEFAULT>0</DEFAULT>
			</FUSE1>
			<FUSE0>
				<NAME>CKSEL0</NAME>
				<TEXT>Select Clock Source</TEXT>
				<DEFAULT>1</DEFAULT>
			</FUSE0>
			<NMB_TEXT>6</NMB_TEXT>
			<TEXT1>
				<MASK>0x20</MASK>
				<VALUE>0x00</VALUE>
				<TEXT>Serial program downloading (SPI) enabled</TEXT>
			</TEXT1>
			<TEXT2>
				<MASK>0x08</MASK>
				<VALUE>0x00</VALUE>
				<TEXT>Preserve EEPROM memory through the Chip Erase cycle</TEXT>
			</TEXT2>
			<TEXT3>
				<MASK>0x03</MASK>
				<VALUE>0x00</VALUE>
				<TEXT>SUT=00 Start-up time=5 CPU cycles</TEXT>
			</TEXT3>
			<TEXT4>
				<MASK>0x03</MASK>
				<VALUE>0x01</VALUE>
				<TEXT>SUT=01 Start-up time=0.5 ms</TEXT>
			</TEXT4>
			<TEXT5>
				<MASK>0x03</MASK>
				<VALUE>0x02</VALUE>
				<TEXT>SUT=10 Start-up time=4.0 ms</TEXT>
			</TEXT5>
			<TEXT6>
				<MASK>0x03</MASK>
				<VALUE>0x03</VALUE>
				<TEXT>SUT=11 Start-up time=16.0 ms; default value</TEXT>
			</TEXT6>
		</LOW>
	</FUSE>
	<LOCKBIT>
		<ICON/>
		<ID/>
		<TEXT>[LB1 = 1 :  LB2 = 1] No memory lock features enabled. [LB1 = 0 :  LB2 = 1] Further programming of Flash and EEPROM is enabled. [LB1 = 0 :  LB2 = 0] Same as previous, but verify is also disabled</TEXT>
		<NMB_TEXT>3</NMB_TEXT>
		<NMB_LOCK_BITS>2</NMB_LOCK_BITS>
		<TEXT1>
			<MASK>0x06</MASK>
			<VALUE>0x06</VALUE>
			<TEXT>Mode 1: No memory lock features enabled</TEXT>
		</TEXT1>
		<TEXT2>
			<MASK>0x06</MASK>
			<VALUE>0x04</VALUE>
			<TEXT>Mode 2: Further programming disabled</TEXT>
		</TEXT2>
		<TEXT3>
			<MASK>0x06</MASK>
			<VALUE>0x00</VALUE>
			<TEXT>Mode 3: Further programming and verification disabled</TEXT>
		</TEXT3>
		<LOCKBIT0>
			<NAME>LB1</NAME>
			<TEXT>Lockbit</TEXT>
		</LOCKBIT0>
		<LOCKBIT1>
			<NAME>LB2</NAME>
			<TEXT>Lockbit</TEXT>
		</LOCKBIT1>
	</LOCKBIT>
</AVRPART>
