<AVRPART>	
	<LOCKBIT>
		<ICON/>
		<ID/>
		<TEXT>[LB1 = 1 :  LB2 = 1] No memory lock features enabled. [LB1 = 0 :  LB2 = 1] Further programming of Flash and EEPROM is enabled. [LB1 = 0 :  LB2 = 0] Same as previous, but verify is also disabled</TEXT>
		<NMB_LOCK_BITS>6</NMB_LOCK_BITS>
		<NMB_TEXT>11</NMB_TEXT>
		<TEXT1>
			<MASK>0x03</MASK>
			<VALUE>0x03</VALUE>
			<TEXT>Mode 1: No memory lock features enabled</TEXT>
		</TEXT1>
		<TEXT2>
			<MASK>0x03</MASK>
			<VALUE>0x02</VALUE>
			<TEXT>Mode 2: Further programming disabled</TEXT>
		</TEXT2>
		<TEXT3>
			<MASK>0x03</MASK>
			<VALUE>0x00</VALUE>
			<TEXT>Mode 3: Further programming and verification disabled</TEXT>
		</TEXT3>
		<TEXT4>
			<MASK>0x0C</MASK>
			<VALUE>0x0C</VALUE>
			<TEXT>Application Protection Mode 1: No lock on SPM and LPM in Application Section</TEXT>
		</TEXT4>
		<TEXT5>
			<MASK>0x0C</MASK>
			<VALUE>0x08</VALUE>
			<TEXT>Application Protection Mode 2: SPM prohibited in Application Section</TEXT>
		</TEXT5>
		<TEXT6>
			<MASK>0x0C</MASK>
			<VALUE>0x00</VALUE>
			<TEXT>Application Protection Mode 3: LPM and SPM prohibited in Application Section</TEXT>
		</TEXT6>
		<TEXT7>
			<MASK>0x0C</MASK>
			<VALUE>0x04</VALUE>
			<TEXT>Application Protection Mode 4: LPM prohibited in Application Section</TEXT>
		</TEXT7>
		<TEXT8>
			<MASK>0x30</MASK>
			<VALUE>0x30</VALUE>
			<TEXT>Boot Loader Protection Mode 1: No lock on SPM and LPM in Boot Loader Section</TEXT>
		</TEXT8>
		<TEXT9>
			<MASK>0x30</MASK>
			<VALUE>0x20</VALUE>
			<TEXT>Boot Loader Protection Mode 2: SPM prohibited in Boot Loader Section</TEXT>
		</TEXT9>
		<TEXT10>
			<MASK>0x30</MASK>
			<VALUE>0x00</VALUE>
			<TEXT>Boot Loader Protection Mode 3: LPM and SPM prohibited in Boot Loader Section</TEXT>
		</TEXT10>
		<TEXT11>
			<MASK>0x30</MASK>
			<VALUE>0x10</VALUE>
			<TEXT>Boot Loader Protection Mode 4: LPM prohibited in Boot Loader Section</TEXT>
		</TEXT11>
		<LOCKBIT0>
			<NAME>LB1</NAME>
			<TEXT>Lock bit</TEXT>
		</LOCKBIT0>
		<LOCKBIT1>
			<NAME>LB2</NAME>
			<TEXT>Lock bit</TEXT>
		</LOCKBIT1>
		<LOCKBIT2>
			<NAME>BLB01</NAME>
			<TEXT>Boot Lock bit</TEXT>
		</LOCKBIT2>
		<LOCKBIT3>
			<NAME>BLB02</NAME>
			<TEXT>Boot Lock bit</TEXT>
		</LOCKBIT3>
		<LOCKBIT4>
			<NAME>BLB11</NAME>
			<TEXT>Boot lock bit</TEXT>
		</LOCKBIT4>
		<LOCKBIT5>
			<NAME>BLB12</NAME>
			<TEXT>Boot lock bit</TEXT>
		</LOCKBIT5>
	</LOCKBIT>
	<FUSE>
		<LIST>[LOW:HIGH:EXTENDED]</LIST>
		<ID/>
		<ICON/>
		<TEXT/>
		<LOW>
			<NMB_FUSE_BITS>6</NMB_FUSE_BITS>
			<FUSE5>
				<NAME>BOOTRST</NAME>
				<TEXT>Boot Reset Vector Enabled</TEXT>
				<DEFAULT>1</DEFAULT>
			</FUSE5>
			<FUSE4>
				<NAME>SPIEN</NAME>
				<TEXT>Serial program downloading (SPI) enabled</TEXT>
				<DEFAULT>0</DEFAULT>
			</FUSE4>
			<FUSE3>
				<NAME>SUT</NAME>
				<TEXT>Start-up time</TEXT>
				<DEFAULT>1</DEFAULT>
			</FUSE3>
			<FUSE2>
				<NAME>CKSEL2</NAME>
				<TEXT>Select Clock Source</TEXT>
				<DEFAULT>0</DEFAULT>
			</FUSE2>
			<FUSE1>
				<NAME>CKSEL1</NAME>
				<TEXT>Select Clock Source</TEXT>
				<DEFAULT>1</DEFAULT>
			</FUSE1>
			<FUSE0>
				<NAME>CKSEL0</NAME>
				<TEXT>Select Clock Source</TEXT>
				<DEFAULT>0</DEFAULT>
			</FUSE0>
			<NMB_TEXT>11</NMB_TEXT>
			<TEXT1>
				<MASK>0x20</MASK>
				<VALUE>0x00</VALUE>
				<TEXT>Boot Reset Vector Enabled</TEXT>
			</TEXT1>
			<TEXT2>
				<MASK>0x10</MASK>
				<VALUE>0x0</VALUE>
				<TEXT>Serial program downloading (SPI) enabled</TEXT>
			</TEXT2>
			<TEXT3>
				<MASK>0x08</MASK>
				<VALUE>0x00</VALUE>
				<TEXT>Start-up time</TEXT>
			</TEXT3>
			<TEXT4>
				<MASK>0x07</MASK>
				<VALUE>0x00</VALUE>
				<TEXT>CKSEL=000 External Clock; fast rising power</TEXT>
			</TEXT4>
			<TEXT5>
				<MASK>0x07</MASK>
				<VALUE>0x01</VALUE>
				<TEXT>CKSEL=001 External Clock; BOD Enabled or power-on reset</TEXT>
			</TEXT5>
			<TEXT6>
				<MASK>0x07</MASK>
				<VALUE>0x02</VALUE>
				<TEXT>CKSEL=010 Crystal Oscillator; slowly rising power ; default value</TEXT>
			</TEXT6>
			<TEXT7>
				<MASK>0x07</MASK>
				<VALUE>0x03</VALUE>
				<TEXT>CKSEL=011 Crystal Oscillator; fast rising power</TEXT>
			</TEXT7>
			<TEXT8>
				<MASK>0x07</MASK>
				<VALUE>0x04</VALUE>
				<TEXT>CKSEL=100 Crystal Oscillator; BOD Enabled or power-on reset</TEXT>
			</TEXT8>
			<TEXT9>
				<MASK>0x07</MASK>
				<VALUE>0x05</VALUE>
				<TEXT>CKSEL=101 Ceramic Resonator / External Clock; Slowly rising power</TEXT>
			</TEXT9>
			<TEXT10>
				<MASK>0x07</MASK>
				<VALUE>0x06</VALUE>
				<TEXT>CKSEL=110 Ceramic Resonator; fast rising power</TEXT>
			</TEXT10>
			<TEXT11>
				<MASK>0x07</MASK>
				<VALUE>0x07</VALUE>
				<TEXT>CKSEL=111 Ceramic Resonator; BOD Enabled or power-on reset</TEXT>
			</TEXT11>
		</LOW>
	</FUSE>
</AVRPART>
