<AVRPART>	
	<LOCKBIT>
		<ICON/>
		<ID/>
		<TEXT>[LB1 = 1 :  LB2 = 1] No memory lock features enabled. [LB1 = 0 :  LB2 = 1] Further programming of Flash and EEPROM is enabled. [LB1 = 0 :  LB2 = 0] Same as previous, but verify is also disabled</TEXT>
		<NMB_LOCK_BITS>6</NMB_LOCK_BITS>
		<NMB_TEXT>11</NMB_TEXT>
		<TEXT1>
			<MASK>0x03</MASK>
			<VALUE>0x03</VALUE>
			<TEXT>Mode 1: No memory lock features enabled</TEXT>
		</TEXT1>
		<TEXT2>
			<MASK>0x03</MASK>
			<VALUE>0x02</VALUE>
			<TEXT>Mode 2: Further programming disabled</TEXT>
		</TEXT2>
		<TEXT3>
			<MASK>0x03</MASK>
			<VALUE>0x00</VALUE>
			<TEXT>Mode 3: Further programming and verification disabled</TEXT>
		</TEXT3>
		<TEXT4>
			<MASK>0x0C</MASK>
			<VALUE>0x0C</VALUE>
			<TEXT>Application Protection Mode 1: No lock on SPM and LPM in Application Section</TEXT>
		</TEXT4>
		<TEXT5>
			<MASK>0x0C</MASK>
			<VALUE>0x08</VALUE>
			<TEXT>Application Protection Mode 2: SPM prohibited in Application Section</TEXT>
		</TEXT5>
		<TEXT6>
			<MASK>0x0C</MASK>
			<VALUE>0x00</VALUE>
			<TEXT>Application Protection Mode 3: LPM and SPM prohibited in Application Section</TEXT>
		</TEXT6>
		<TEXT7>
			<MASK>0x0C</MASK>
			<VALUE>0x04</VALUE>
			<TEXT>Application Protection Mode 4: LPM prohibited in Application Section</TEXT>
		</TEXT7>
		<TEXT8>
			<MASK>0x30</MASK>
			<VALUE>0x30</VALUE>
			<TEXT>Boot Loader Protection Mode 1: No lock on SPM and LPM in Boot Loader Section</TEXT>
		</TEXT8>
		<TEXT9>
			<MASK>0x30</MASK>
			<VALUE>0x20</VALUE>
			<TEXT>Boot Loader Protection Mode 2: SPM prohibited in Boot Loader Section</TEXT>
		</TEXT9>
		<TEXT10>
			<MASK>0x30</MASK>
			<VALUE>0x00</VALUE>
			<TEXT>Boot Loader Protection Mode 3: LPM and SPM prohibited in Boot Loader Section</TEXT>
		</TEXT10>
		<TEXT11>
			<MASK>0x30</MASK>
			<VALUE>0x10</VALUE>
			<TEXT>Boot Loader Protection Mode 4: LPM prohibited in Boot Loader Section</TEXT>
		</TEXT11>
		<LOCKBIT0>
			<NAME>LB1</NAME>
			<TEXT>Lock bit</TEXT>
		</LOCKBIT0>
		<LOCKBIT1>
			<NAME>LB2</NAME>
			<TEXT>Lock bit</TEXT>
		</LOCKBIT1>
		<LOCKBIT2>
			<NAME>BLB01</NAME>
			<TEXT>Boot Lock bit</TEXT>
		</LOCKBIT2>
		<LOCKBIT3>
			<NAME>BLB02</NAME>
			<TEXT>Boot Lock bit</TEXT>
		</LOCKBIT3>
		<LOCKBIT4>
			<NAME>BLB11</NAME>
			<TEXT>Boot lock bit</TEXT>
		</LOCKBIT4>
		<LOCKBIT5>
			<NAME>BLB12</NAME>
			<TEXT>Boot lock bit</TEXT>
		</LOCKBIT5>
	</LOCKBIT>
	<FUSE>
		<LIST>[LOW:HIGH]</LIST>
		<ID/>
		<ICON/>
		<TEXT/>
		<LOW>
			<NMB_FUSE_BITS>8</NMB_FUSE_BITS>
			<FUSE7>
				<NAME>WDTON</NAME>
				<TEXT>Watchdog Timer Always On</TEXT>
				<DEFAULT>1</DEFAULT>
			</FUSE7>
			<FUSE6>
				<NAME>EESAVE</NAME>
				<TEXT>EEPROM memory is preserved through the chip erase</TEXT>
				<DEFAULT>1</DEFAULT>
			</FUSE6>
			<FUSE5>
				<NAME>BOOTSZ1</NAME>
				<TEXT>Select boot size</TEXT>
				<DEFAULT>0</DEFAULT>
			</FUSE5>
			<FUSE4>
				<NAME>BOOTSZ0</NAME>
				<TEXT>Select boot size</TEXT>
				<DEFAULT>0</DEFAULT>
			</FUSE4>
			<FUSE3>
				<NAME>BOOTRST</NAME>
				<TEXT>Select reset vector</TEXT>
				<DEFAULT>1</DEFAULT>
			</FUSE3>
			<FUSE2>
				<NAME>SUT1</NAME>
				<TEXT>Select start-up time</TEXT>
				<DEFAULT>1</DEFAULT>
			</FUSE2>
			<FUSE1>
				<NAME>SUT0</NAME>
				<TEXT>Select start-up time</TEXT>
				<DEFAULT>0</DEFAULT>
			</FUSE1>
			<FUSE0>
				<NAME>CKSEL</NAME>
				<TEXT>Clock Selection</TEXT>
				<DEFAULT>1</DEFAULT>
			</FUSE0>
			<NMB_TEXT>13</NMB_TEXT>
			<TEXT1>
				<MASK>0x80</MASK>
				<VALUE>0x00</VALUE>
				<TEXT>Watchdog timer always on; [WDTON=0]</TEXT>
			</TEXT1>
			<TEXT2>
				<MASK>0x40</MASK>
				<VALUE>0x00</VALUE>
				<TEXT>Preserve EEPROM memory through the Chip Erase cycle; [EESAVE=0]</TEXT>
			</TEXT2>
			<TEXT3>
				<MASK>0x30</MASK>
				<VALUE>0x30</VALUE>
				<TEXT>Boot Flash section size=256 words Boot start address=$4F00; [BOOTSZ=11]</TEXT>
			</TEXT3>
			<TEXT4>
				<MASK>0x30</MASK>
				<VALUE>0x20</VALUE>
				<TEXT>Boot Flash section size=512 words Boot start address=$4E00; [BOOTSZ=10]</TEXT>
			</TEXT4>
			<TEXT5>
				<MASK>0x30</MASK>
				<VALUE>0x10</VALUE>
				<TEXT>Boot Flash section size=1024 words Boot start address=$4C00; [BOOTSZ=01]</TEXT>
			</TEXT5>
			<TEXT6>
				<MASK>0x30</MASK>
				<VALUE>0x00</VALUE>
				<TEXT>Boot Flash section size=2048 words Boot start address=$4800; [BOOTSZ=00] ; default value</TEXT>
			</TEXT6>
			<TEXT7>
				<MASK>0x08</MASK>
				<VALUE>0x00</VALUE>
				<TEXT>Boot Reset vector Enabled (default address=$0000); [BOOTRST=0]</TEXT>
			</TEXT7>
			<TEXT8>
				<MASK>0x07</MASK>
				<VALUE>0x00</VALUE>
				<TEXT>CKSEL; Start-up time: 14 CK + 0 ms;   [CKSEL=0 SUT=00]</TEXT>
			</TEXT8>
			<TEXT9>
				<MASK>0x07</MASK>
				<VALUE>0x02</VALUE>
				<TEXT>CKSEL; Start-up time: 14 CK + 3.9 ms; [CKSEL=0 SUT=01]</TEXT>
			</TEXT9>
			<TEXT10>
				<MASK>0x07</MASK>
				<VALUE>0x04</VALUE>
				<TEXT>CKSEL; Start-up time: 14 CK + 62.5 ms;  [CKSEL=0 SUT=10]</TEXT>
			</TEXT10>
			<TEXT11>
				<MASK>0x07</MASK>
				<VALUE>0x01</VALUE>
				<TEXT>CKSEL; Start-up time: 14 CK + 0 ms;   [CKSEL=1 SUT=00]</TEXT>
			</TEXT11>
			<TEXT12>
				<MASK>0x07</MASK>
				<VALUE>0x03</VALUE>
				<TEXT>CKSEL; Start-up time: 14 CK + 3.9 ms; [CKSEL=1 SUT=01]</TEXT>
			</TEXT12>
			<TEXT13>
				<MASK>0x07</MASK>
				<VALUE>0x05</VALUE>
				<TEXT>CKSEL; Start-up time: 14 CK + 62.5 ms;  [CKSEL=1 SUT=10]</TEXT>
			</TEXT13>
		</LOW>
		<HIGH>
			<NMB_FUSE_BITS>2</NMB_FUSE_BITS>
			<FUSE1>
				<NAME>OCDEN</NAME>
				<TEXT>Enable OCD</TEXT>
				<DEFAULT>1</DEFAULT>
			</FUSE1>
			<FUSE0>
				<NAME>JTAGEN</NAME>
				<TEXT>Enable JTAG</TEXT>
				<DEFAULT>0</DEFAULT>
			</FUSE0>
			<NMB_TEXT>2</NMB_TEXT>
			<TEXT1>
				<MASK>0x02</MASK>
				<VALUE>0x00</VALUE>
				<TEXT>On-Chip Debug Enabled; [OCDEN=0]</TEXT>
			</TEXT1>
			<TEXT2>
				<MASK>0x01</MASK>
				<VALUE>0x00</VALUE>
				<TEXT>JTAG Interface Enabled; [JTAGEN=0]</TEXT>
			</TEXT2>
		</HIGH>
	</FUSE>
</AVRPART>
