<AVRPART>	
	<FUSE>
		<LIST>[LOW]</LIST>
		<ICON/>
		<ID/>
		<TEXT/>
		<LOW>
			<NMB_TEXT>7</NMB_TEXT>
			<NMB_FUSE_BITS>5</NMB_FUSE_BITS>
			<TEXT1>
				<MASK>0x10</MASK>
				<VALUE>0x00</VALUE>
				<TEXT>Short start-up time selected</TEXT>
			</TEXT1>
			<TEXT2>
				<MASK>0x08</MASK>
				<VALUE>0x00</VALUE>
				<TEXT>External reset function of PB5 disabled</TEXT>
			</TEXT2>
			<TEXT3>
				<MASK>0x07</MASK>
				<VALUE>0x07</VALUE>
				<TEXT>CKSEL=111 External Crystal / Ceramic Resonator</TEXT>
			</TEXT3>
			<TEXT4>
				<MASK>0x07</MASK>
				<VALUE>0x06</VALUE>
				<TEXT>CKSEL=110 External Low-frequency Crystal</TEXT>
			</TEXT4>
			<TEXT5>
				<MASK>0x07</MASK>
				<VALUE>0x05</VALUE>
				<TEXT>CKSEL=101 External RC Oscillator</TEXT>
			</TEXT5>
			<TEXT6>
				<MASK>0x07</MASK>
				<VALUE>0x04</VALUE>
				<TEXT>CKSEL=100 Internal RC Oscillator</TEXT>
			</TEXT6>
			<TEXT7>
				<MASK>0x07</MASK>
				<VALUE>0x00</VALUE>
				<TEXT>CKSEL=000 External Clock</TEXT>
			</TEXT7>
		</LOW>
	</FUSE>
	<LOCKBIT>
		<ICON/>
		<ID/>
		<TEXT>[LB1 = 1 :  LB2 = 1] No memory lock features enabled. [LB1 = 0 :  LB2 = 1] Further programming of Flash and EEPROM is enabled. [LB1 = 0 :  LB2 = 0] Same as previous, but verify is also disabled</TEXT>
		<NMB_TEXT>3</NMB_TEXT>
		<NMB_LOCK_BITS>2</NMB_LOCK_BITS>
		<TEXT1>
			<MASK>0x06</MASK>
			<VALUE>0x06</VALUE>
			<TEXT>Mode 1: No memory lock features enabled</TEXT>
		</TEXT1>
		<TEXT2>
			<MASK>0x06</MASK>
			<VALUE>0x04</VALUE>
			<TEXT>Mode 2: Further programming disabled</TEXT>
		</TEXT2>
		<TEXT3>
			<MASK>0x06</MASK>
			<VALUE>0x00</VALUE>
			<TEXT>Mode 3: Further programming and verification disabled</TEXT>
		</TEXT3>
		<LOCKBIT0>
			<NAME>LB1</NAME>
			<TEXT>Lockbit</TEXT>
		</LOCKBIT0>
		<LOCKBIT1>
			<NAME>LB2</NAME>
			<TEXT>Lockbit</TEXT>
		</LOCKBIT1>
	</LOCKBIT>
</AVRPART>
