<AVRPART>
	<FUSE>
		<LOW>
			<NMB_TEXT>21</NMB_TEXT>
			<NMB_FUSE_BITS>8</NMB_FUSE_BITS>
			<TEXT1>
				<MASK>0x80</MASK>
				<VALUE>0x80</VALUE>
				<TEXT>Brown-out detection level at VCC=1.8 V</TEXT>
			</TEXT1>
			<TEXT2>
				<MASK>0x80</MASK>
				<VALUE>0x00</VALUE>
				<TEXT>Brown-out detection level at VCC=2.7 V</TEXT>
			</TEXT2>
			<TEXT3>
				<MASK>0x40</MASK>
				<VALUE>0x00</VALUE>
				<TEXT>Brown-out detection enabled</TEXT>
			</TEXT3>
			<TEXT4>
				<MASK>0x20</MASK>
				<VALUE>0x00</VALUE>
				<TEXT>Serial program downloading (SPI) enabled</TEXT>
			</TEXT4>
			<TEXT5>
				<MASK>0x10</MASK>
				<VALUE>0x00</VALUE>
				<TEXT>External reset function of PB5 disabled</TEXT>
			</TEXT5>
			<TEXT6>
				<MASK>0x0F</MASK>
				<VALUE>0x0F</VALUE>
				<TEXT>CKSEL=1111 External Crystal / Ceramic Resonator</TEXT>
			</TEXT6>
			<TEXT7>
				<MASK>0x0F</MASK>
				<VALUE>0x0E</VALUE>
				<TEXT>CKSEL=1110 External Crystal / Ceramic Resonator</TEXT>
			</TEXT7>
			<TEXT8>
				<MASK>0x0F</MASK>
				<VALUE>0x0D</VALUE>
				<TEXT>CKSEL=1101 External Crystal / Ceramic Resonator</TEXT>
			</TEXT8>
			<TEXT9>
				<MASK>0x0F</MASK>
				<VALUE>0x0C</VALUE>
				<TEXT>CKSEL=1100 External Crystal / Ceramic Resonator</TEXT>
			</TEXT9>
			<TEXT10>
				<MASK>0x0F</MASK>
				<VALUE>0x0B</VALUE>
				<TEXT>CKSEL=1011 External Crystal / Ceramic Resonator</TEXT>
			</TEXT10>
			<TEXT11>
				<MASK>0x0F</MASK>
				<VALUE>0x0A</VALUE>
				<TEXT>CKSEL=1010 External Crystal / Ceramic Resonator</TEXT>
			</TEXT11>
			<TEXT12>
				<MASK>0x0F</MASK>
				<VALUE>0x09</VALUE>
				<TEXT>CKSEL=1001 External Low-Frequency Crystal</TEXT>
			</TEXT12>
			<TEXT13>
				<MASK>0x0F</MASK>
				<VALUE>0x08</VALUE>
				<TEXT>CKSEL=1000 External Low-Frequency Crystal</TEXT>
			</TEXT13>
			<TEXT14>
				<MASK>0x0F</MASK>
				<VALUE>0x07</VALUE>
				<TEXT>CKSEL=0111 External RC Ocsillator</TEXT>
			</TEXT14>
			<TEXT15>
				<MASK>0x0F</MASK>
				<VALUE>0x06</VALUE>
				<TEXT>CKSEL=0110 External RC Ocsillator</TEXT>
			</TEXT15>
			<TEXT16>
				<MASK>0x0F</MASK>
				<VALUE>0x05</VALUE>
				<TEXT>CKSEL=0101 External RC Ocsillator</TEXT>
			</TEXT16>
			<TEXT17>
				<MASK>0x0F</MASK>
				<VALUE>0x04</VALUE>
				<TEXT>CKSEL=0100 Internal RC Ocsillator</TEXT>
			</TEXT17>
			<TEXT18>
				<MASK>0x0F</MASK>
				<VALUE>0x03</VALUE>
				<TEXT>CKSEL=0011 Internal RC Ocsillator</TEXT>
			</TEXT18>
			<TEXT19>
				<MASK>0x0F</MASK>
				<VALUE>0x02</VALUE>
				<TEXT>CKSEL=0010 Internal RC Ocsillator ; default value</TEXT>
			</TEXT19>
			<TEXT20>
				<MASK>0x0F</MASK>
				<VALUE>0x01</VALUE>
				<TEXT>CKSEL=0001 External Clock</TEXT>
			</TEXT20>
			<TEXT21>
				<MASK>0x0F</MASK>
				<VALUE>0x00</VALUE>
				<TEXT>CKSEL=0000 External Clock</TEXT>
			</TEXT21>
		</LOW>
	</FUSE>
	<LOCKBIT>
		<TEXT>[LB1 = 1 :  LB2 = 1] No memory lock features enabled. [LB1 = 0 :  LB2 = 1] Further programming of Flash and EEPROM is enabled. [LB1 = 0 :  LB2 = 0] Same as previous, but verify is also disabled</TEXT>
		<NMB_TEXT>3</NMB_TEXT>
		<NMB_LOCK_BITS>2</NMB_LOCK_BITS>
		<TEXT1>
			<MASK>0x06</MASK>
			<VALUE>0x06</VALUE>
			<TEXT>Mode 1: No memory lock features enabled</TEXT>
		</TEXT1>
		<TEXT2>
			<MASK>0x06</MASK>
			<VALUE>0x04</VALUE>
			<TEXT>Mode 2: Further programming disabled</TEXT>
		</TEXT2>
		<TEXT3>
			<MASK>0x06</MASK>
			<VALUE>0x00</VALUE>
			<TEXT>Mode 3: Further programming and verification disabled</TEXT>
		</TEXT3>
		<LOCKBIT0>
			<NAME>LB1</NAME>
			<TEXT>Lockbit</TEXT>
		</LOCKBIT0>
		<LOCKBIT1>
			<NAME>LB2</NAME>
			<TEXT>Lockbit</TEXT>
		</LOCKBIT1>
	</LOCKBIT>
</AVRPART>
